hazy_file,clear_file,beta,psnr,ssim
0001_0.8_0.2.jpg,0001.png,0.8,17.61021685910588,0.9203716
0002_0.8_0.08.jpg,0002.png,0.8,16.628122568764653,0.81637996
0003_0.8_0.2.jpg,0003.png,0.8,16.3485288694933,0.88971597
0004_0.9_0.12.jpg,0004.png,0.9,17.705347762563523,0.935023
0006_0.85_0.08.jpg,0006.png,0.85,17.493702244425013,0.85509473
0007_0.9_0.16.jpg,0007.png,0.9,22.460243496244633,0.9186116
0009_0.8_0.16.jpg,0009.png,0.8,18.943231991002733,0.89028746
0010_0.95_0.16.jpg,0010.png,0.95,17.855513304977787,0.81052756
0011_0.95_0.16.jpg,0011.png,0.95,21.76992176685738,0.8835535
0014_0.8_0.12.jpg,0014.png,0.8,18.8311663747733,0.9278698
0016_0.8_0.08.jpg,0016.png,0.8,15.20731490549554,0.8276458
0017_0.9_0.08.jpg,0017.png,0.9,19.195406396368742,0.91548324
0018_0.9_0.2.jpg,0018.png,0.9,20.81858709184786,0.93485755
0019_0.8_0.16.jpg,0019.png,0.8,18.813572333072308,0.9217623
0021_0.8_0.08.jpg,0021.png,0.8,17.009904174091393,0.9015443
0022_0.8_0.08.jpg,0022.png,0.8,16.806639761408185,0.8656993
0023_0.85_0.12.jpg,0023.png,0.85,21.19373961890554,0.9265025
0024_0.85_0.08.jpg,0024.png,0.85,20.087366843526844,0.86654663
0025_0.8_0.16.jpg,0025.png,0.8,18.772078709564568,0.9018262
0026_0.95_0.08.jpg,0026.png,0.95,20.483178974106167,0.88217944
0029_0.85_0.08.jpg,0029.png,0.85,17.510263522682138,0.8737121
0030_0.95_0.12.jpg,0030.png,0.95,22.975338560132982,0.9511315
0033_0.85_0.08.jpg,0033.png,0.85,15.380260995881374,0.8349948
0034_0.9_0.16.jpg,0034.png,0.9,21.519511900171185,0.9358098
0036_1_0.08.jpg,0036.png,1.0,19.263051862490556,0.9146716
0039_0.9_0.2.jpg,0039.png,0.9,21.18610306790593,0.91116506
0040_1_0.08.jpg,0040.png,1.0,20.67119785354345,0.9227571
0042_0.8_0.2.jpg,0042.png,0.8,18.39272671277208,0.9275504
0045_0.8_0.16.jpg,0045.png,0.8,17.216003183703762,0.922165
0046_0.9_0.16.jpg,0046.png,0.9,21.19895957356263,0.91841555
0047_0.9_0.12.jpg,0047.png,0.9,21.218258279905857,0.91179794
0048_0.9_0.2.jpg,0048.png,0.9,18.572070050075176,0.89208823
0049_0.85_0.12.jpg,0049.png,0.85,17.90504763679565,0.90166515
0051_0.8_0.2.jpg,0051.png,0.8,19.60393555142867,0.9358632
0051_0.95_0.12.jpg,0051.png,0.95,23.638999559180757,0.94758415
0052_0.9_0.16.jpg,0052.png,0.9,21.276107880746615,0.9102048
0053_0.9_0.12.jpg,0053.png,0.9,21.53651248113032,0.9135158
0054_0.85_0.16.jpg,0054.png,0.85,20.778095323646504,0.9384393
0055_0.85_0.12.jpg,0055.png,0.85,18.082476680490494,0.8959562
0056_0.8_0.16.jpg,0056.png,0.8,18.848730129311924,0.9339323
0057_0.8_0.12.jpg,0057.png,0.8,15.486114771328733,0.9036513
0058_0.8_0.2.jpg,0058.png,0.8,20.22345182091705,0.91443604
0059_0.9_0.12.jpg,0059.png,0.9,20.37736143146111,0.9345131
0060_0.9_0.2.jpg,0060.png,0.9,19.762375333611953,0.86008453
0061_0.8_0.2.jpg,0061.png,0.8,18.48559238072098,0.9132693
0062_0.9_0.2.jpg,0062.png,0.9,16.73699843975229,0.8410959
0063_0.8_0.16.jpg,0063.png,0.8,18.592513890408952,0.8873357
0064_0.8_0.2.jpg,0064.png,0.8,18.92066274783108,0.89419913
0065_0.9_0.12.jpg,0065.png,0.9,20.93228790808171,0.9192197
0066_1_0.08.jpg,0066.png,1.0,17.16770648972686,0.90835506
0068_1_0.16.jpg,0068.png,1.0,21.781454682754994,0.92516536
0069_0.9_0.16.jpg,0069.png,0.9,22.80303948910791,0.955488
0070_0.9_0.12.jpg,0070.png,0.9,16.97764570638035,0.90162724
0071_0.8_0.2.jpg,0071.png,0.8,18.50913060316321,0.92964864
0072_0.9_0.2.jpg,0072.png,0.9,21.340542775953402,0.9125304
0073_0.8_0.16.jpg,0073.png,0.8,18.076739010238956,0.7808194
0074_0.8_0.2.jpg,0074.png,0.8,15.966660622284445,0.7415344
0075_0.8_0.2.jpg,0075.png,0.8,18.332590082274873,0.91505593
0076_0.8_0.2.jpg,0076.png,0.8,19.939629621789067,0.92104787
0076_1_0.16.jpg,0076.png,1.0,23.74826294728379,0.9433696
0077_0.8_0.2.jpg,0077.png,0.8,15.710114876040981,0.7670812
0079_0.8_0.12.jpg,0079.png,0.8,18.631280014521106,0.91024286
0081_0.8_0.2.jpg,0081.png,0.8,17.955318349807186,0.9442921
0082_0.85_0.16.jpg,0082.png,0.85,19.268310526410495,0.9238462
0083_0.85_0.12.jpg,0083.png,0.85,18.081330944600452,0.91839886
0084_0.95_0.16.jpg,0084.png,0.95,24.311938722086165,0.9409421
0085_0.95_0.08.jpg,0085.png,0.95,19.985161926552284,0.8125317
0086_0.8_0.2.jpg,0086.png,0.8,19.489438477545285,0.9048547
0086_0.95_0.12.jpg,0086.png,0.95,22.72230278794443,0.92932016
0087_0.9_0.16.jpg,0087.png,0.9,21.004035514940774,0.9378922
0088_0.9_0.12.jpg,0088.png,0.9,22.176477579185292,0.932538
0089_0.9_0.2.jpg,0089.png,0.9,19.507304558786718,0.91055995
0090_0.85_0.12.jpg,0090.png,0.85,18.744957930070697,0.93448836
0091_0.85_0.2.jpg,0091.png,0.85,20.935735943319074,0.945656
0092_0.85_0.2.jpg,0092.png,0.85,20.96841283947215,0.9416559
0093_0.8_0.08.jpg,0093.png,0.8,15.59340416973848,0.8706644
0094_0.8_0.2.jpg,0094.png,0.8,17.046713796940768,0.89054483
0095_0.8_0.08.jpg,0095.png,0.8,17.667158105329165,0.889993
0096_0.8_0.2.jpg,0096.png,0.8,19.3993029186385,0.94535
0097_0.85_0.08.jpg,0097.png,0.85,16.35050643581952,0.8929436
0098_0.85_0.2.jpg,0098.png,0.85,19.45000911247577,0.8938958
0099_0.9_0.16.jpg,0099.png,0.9,22.016803712376714,0.93038726
0100_0.9_0.12.jpg,0100.png,0.9,20.914101598353646,0.9371779
0101_0.9_0.08.jpg,0101.png,0.9,17.52081464620439,0.81534886
0102_0.85_0.12.jpg,0102.png,0.85,17.917957431948544,0.9147771
0104_0.95_0.12.jpg,0104.png,0.95,23.394828195872527,0.89414424
0105_0.95_0.2.jpg,0105.png,0.95,22.205868678248393,0.936315
0106_0.9_0.08.jpg,0106.png,0.9,17.626837075402054,0.89288884
0107_0.9_0.08.jpg,0107.png,0.9,18.08956719956838,0.926163
0108_0.8_0.16.jpg,0108.png,0.8,20.1670377223653,0.86650467
0108_1_0.2.jpg,0108.png,1.0,16.04607486094247,0.7767158
0109_0.85_0.08.jpg,0109.png,0.85,18.405167997856807,0.9084101
0110_0.8_0.12.jpg,0110.png,0.8,17.226435060058243,0.899384
0111_0.8_0.2.jpg,0111.png,0.8,19.190145701715792,0.86425257
0112_0.8_0.2.jpg,0112.png,0.8,18.315227893222936,0.9416833
0113_0.9_0.08.jpg,0113.png,0.9,21.961355135607036,0.8461411
0115_0.8_0.12.jpg,0115.png,0.8,19.623738313922416,0.91971093
0116_0.9_0.16.jpg,0116.png,0.9,20.001826758896666,0.90794754
0117_0.9_0.12.jpg,0117.png,0.9,20.229408132194973,0.9527208
0118_0.9_0.2.jpg,0118.png,0.9,21.185813981732757,0.91857916
0119_0.85_0.12.jpg,0119.png,0.85,19.794365576038306,0.9271819
0120_0.85_0.08.jpg,0120.png,0.85,15.489327438298899,0.9025237
0121_0.85_0.2.jpg,0121.png,0.85,19.489554198774055,0.9251401
0123_1_0.08.jpg,0123.png,1.0,23.818779249890767,0.91029423
0125_0.8_0.12.jpg,0125.png,0.8,15.503498079846803,0.8614283
0126_0.8_0.2.jpg,0126.png,0.8,19.41416495987635,0.9431259
0127_0.8_0.2.jpg,0127.png,0.8,18.152783111129388,0.92458916
0129_0.8_0.16.jpg,0129.png,0.8,18.987224376426546,0.9070812
0131_0.95_0.08.jpg,0131.png,0.95,21.362340717996346,0.9065159
0132_1_0.08.jpg,0132.png,1.0,21.718115393623822,0.93903524
0133_1_0.2.jpg,0133.png,1.0,16.937777101972646,0.87824506
0134_0.95_0.16.jpg,0134.png,0.95,24.383037522329296,0.9421322
0135_0.95_0.12.jpg,0135.png,0.95,20.537180030258302,0.8861415
0137_0.8_0.2.jpg,0137.png,0.8,19.737092141155507,0.9124066
0138_0.9_0.08.jpg,0138.png,0.9,16.02718910719044,0.845747
0139_0.85_0.12.jpg,0139.png,0.85,21.24551319820313,0.93808746
0140_0.95_0.12.jpg,0140.png,0.95,20.362481584153358,0.93110925
0141_0.95_0.12.jpg,0141.png,0.95,23.77048335419246,0.9374655
0142_0.95_0.08.jpg,0142.png,0.95,21.261786046279955,0.9285133
0143_1_0.2.jpg,0143.png,1.0,14.800631552554698,0.80583286
0145_0.8_0.12.jpg,0145.png,0.8,18.715573605236628,0.92727834
0146_0.8_0.2.jpg,0146.png,0.8,19.850335127805412,0.8730461
0147_1_0.16.jpg,0147.png,1.0,20.26229809204136,0.8746958
0148_0.9_0.12.jpg,0148.png,0.9,22.89019471002065,0.942184
0149_0.9_0.08.jpg,0149.png,0.9,20.12905251502659,0.91452473
0150_0.8_0.16.jpg,0150.png,0.8,16.692960643401786,0.92498666
0151_0.8_0.08.jpg,0151.png,0.8,16.739998671043665,0.86552435
0152_0.8_0.2.jpg,0152.png,0.8,18.13331010264253,0.94549274
0153_0.8_0.08.jpg,0153.png,0.8,17.82653637699799,0.86636543
0154_0.8_0.2.jpg,0154.png,0.8,18.281266300022878,0.86718965
0155_1_0.08.jpg,0155.png,1.0,19.724573862033257,0.93010825
0157_0.8_0.08.jpg,0157.png,0.8,17.754754135645324,0.8890629
0158_0.8_0.2.jpg,0158.png,0.8,18.180573090292754,0.8325704
0160_0.9_0.2.jpg,0160.png,0.9,22.028393451952528,0.9561832
0161_0.85_0.08.jpg,0161.png,0.85,17.536916088179304,0.9008789
0162_0.95_0.12.jpg,0162.png,0.95,20.819643887135044,0.94667673
0163_0.95_0.08.jpg,0163.png,0.95,18.378371244595687,0.8920312
0164_0.9_0.2.jpg,0164.png,0.9,18.83737298688144,0.8690448
0165_0.9_0.2.jpg,0165.png,0.9,19.489035694143976,0.85912824
0166_0.8_0.16.jpg,0166.png,0.8,19.553929698595727,0.89717644
0167_0.8_0.12.jpg,0167.png,0.8,20.00076750178767,0.9206924
0168_0.9_0.16.jpg,0168.png,0.9,21.484650657570583,0.90881467
0169_0.9_0.12.jpg,0169.png,0.9,22.061884870659313,0.9094908
0170_0.8_0.2.jpg,0170.png,0.8,18.532464066804074,0.8134131
0171_0.85_0.12.jpg,0171.png,0.85,21.248746901434494,0.92827487
0172_0.85_0.08.jpg,0172.png,0.85,17.775991429049466,0.9018404
0174_0.95_0.08.jpg,0174.png,0.95,18.595365974979863,0.9048133
0175_0.85_0.16.jpg,0175.png,0.85,21.556864265552225,0.88788766
0176_1_0.08.jpg,0176.png,1.0,22.919791812990336,0.91028494
0178_0.8_0.12.jpg,0178.png,0.8,17.627827174398327,0.90359354
0179_0.8_0.2.jpg,0179.png,0.8,19.883200924078036,0.9093211
0180_0.85_0.16.jpg,0180.png,0.85,21.036013157276948,0.94192535
0181_0.9_0.08.jpg,0181.png,0.9,19.280785198982983,0.8980405
0182_0.8_0.16.jpg,0182.png,0.8,19.183227949528927,0.8797175
0183_0.8_0.16.jpg,0183.png,0.8,19.437310340357058,0.89982647
0184_0.95_0.12.jpg,0184.png,0.95,20.06032320432981,0.9412541
0185_1_0.16.jpg,0185.png,1.0,24.792620324826522,0.96004945
0187_0.9_0.2.jpg,0187.png,0.9,21.752913073915657,0.9116554
0188_0.85_0.08.jpg,0188.png,0.85,16.31886471443831,0.81585306
0189_0.85_0.2.jpg,0189.png,0.85,19.86896375390965,0.8370177
0191_1_0.08.jpg,0191.png,1.0,23.320376705508377,0.934216
0194_1_0.2.jpg,0194.png,1.0,17.182347197747916,0.7708846
0195_1_0.08.jpg,0195.png,1.0,20.47638840721784,0.88958883
0196_0.9_0.2.jpg,0196.png,0.9,20.775999576506127,0.908349
0197_0.8_0.16.jpg,0197.png,0.8,19.60085669138071,0.8921814
0198_0.95_0.12.jpg,0198.png,0.95,23.01095266902831,0.92125225
0199_1_0.16.jpg,0199.png,1.0,21.361901586051296,0.91249967
0200_1_0.12.jpg,0200.png,1.0,22.75289308501692,0.9167637
0201_1_0.08.jpg,0201.png,1.0,21.529219903410773,0.8613145
0202_0.85_0.12.jpg,0202.png,0.85,18.827792837024923,0.90616685
0204_0.8_0.08.jpg,0204.png,0.8,17.82649098441253,0.8669429
0205_1_0.16.jpg,0205.png,1.0,19.384176924244635,0.8894239
0206_1_0.12.jpg,0206.png,1.0,24.146617239758395,0.950268
0207_1_0.08.jpg,0207.png,1.0,19.307328041411395,0.90354866
0208_0.8_0.16.jpg,0208.png,0.8,14.714291342693857,0.8141579
0209_0.85_0.08.jpg,0209.png,0.85,16.02747581190925,0.80888957
0210_0.85_0.2.jpg,0210.png,0.85,20.072396852131313,0.9156597
0212_0.9_0.2.jpg,0212.png,0.9,20.682877326073054,0.9498951
0213_1_0.2.jpg,0213.png,1.0,20.474669186996614,0.8978035
0215_0.8_0.08.jpg,0215.png,0.8,18.716241466510418,0.78829026
0216_1_0.12.jpg,0216.png,1.0,22.792678693416235,0.9570598
0217_1_0.2.jpg,0217.png,1.0,20.06868874840096,0.8731208
0218_0.9_0.2.jpg,0218.png,0.9,21.427123309415492,0.9321449
0219_0.85_0.08.jpg,0219.png,0.85,17.867304529042126,0.8866963
0220_0.85_0.2.jpg,0220.png,0.85,20.652502061495266,0.8991719
0222_0.85_0.16.jpg,0222.png,0.85,20.202380333712874,0.90680957
0223_0.95_0.16.jpg,0223.png,0.95,24.430012897624103,0.95043
0225_0.8_0.2.jpg,0225.png,0.8,19.595126826118047,0.85207987
0226_0.8_0.2.jpg,0226.png,0.8,16.941136782382266,0.9403033
0228_1_0.2.jpg,0228.png,1.0,18.167619991244976,0.8487212
0230_0.9_0.16.jpg,0230.png,0.9,21.38922393508342,0.9562683
0233_0.8_0.12.jpg,0233.png,0.8,16.94573051257452,0.8552084
0235_0.9_0.08.jpg,0235.png,0.9,18.52370839643743,0.8594145
0237_0.8_0.12.jpg,0237.png,0.8,19.272446679330073,0.93305296
0238_0.8_0.2.jpg,0238.png,0.8,18.618850470616557,0.91938114
0239_0.8_0.2.jpg,0239.png,0.8,19.05361801010685,0.9213889
0240_1_0.08.jpg,0240.png,1.0,21.591706309672745,0.93430775
0242_0.8_0.12.jpg,0242.png,0.8,19.26897692676032,0.91927284
0243_0.8_0.08.jpg,0243.png,0.8,15.528856628504549,0.80373216
0244_0.9_0.12.jpg,0244.png,0.9,20.472214793324895,0.9128024
0245_1_0.2.jpg,0245.png,1.0,23.119440132335992,0.93909425
0246_0.85_0.12.jpg,0246.png,0.85,19.378851589572108,0.9120063
0248_0.8_0.08.jpg,0248.png,0.8,19.583642921943063,0.81362695
0249_1_0.12.jpg,0249.png,1.0,22.2564826717381,0.8873615
0251_0.8_0.16.jpg,0251.png,0.8,18.5913982174699,0.86078954
0253_0.8_0.2.jpg,0253.png,0.8,20.259289122155344,0.8924486
0253_1_0.16.jpg,0253.png,1.0,22.688171795448575,0.9149995
0255_0.85_0.08.jpg,0255.png,0.85,17.669161796126463,0.69902533
0256_0.95_0.16.jpg,0256.png,0.95,24.150776037756046,0.93623567
0258_0.8_0.2.jpg,0258.png,0.8,18.483671511735945,0.8736666
0259_0.9_0.08.jpg,0259.png,0.9,16.693642655588782,0.75111586
0260_0.9_0.2.jpg,0260.png,0.9,21.41565512644418,0.92803216
0261_0.85_0.08.jpg,0261.png,0.85,16.81923378973583,0.7666292
0262_0.95_0.12.jpg,0262.png,0.95,22.334537076551648,0.9202149
0263_0.95_0.08.jpg,0263.png,0.95,17.348301475885314,0.7609534
0264_0.95_0.2.jpg,0264.png,0.95,23.950012388415423,0.95073324
0266_0.8_0.12.jpg,0266.png,0.8,17.22471335777607,0.86475897
0267_0.9_0.16.jpg,0267.png,0.9,22.813282174787794,0.93827087
0268_0.9_0.16.jpg,0268.png,0.9,21.506314163348353,0.88745564
0269_0.95_0.2.jpg,0269.png,0.95,25.250443296921073,0.96887493
0270_0.85_0.16.jpg,0270.png,0.85,20.895541567416732,0.9050835
0271_0.85_0.12.jpg,0271.png,0.85,21.812723662326853,0.94105405
0272_0.85_0.08.jpg,0272.png,0.85,17.52594751091901,0.8772104
0273_0.85_0.2.jpg,0273.png,0.85,19.41307399936681,0.95337313
0274_0.95_0.12.jpg,0274.png,0.95,22.207853394560914,0.9602909
0275_1_0.16.jpg,0275.png,1.0,20.01006424612632,0.86801004
0276_1_0.12.jpg,0276.png,1.0,24.3323673651549,0.9387336
0277_1_0.08.jpg,0277.png,1.0,21.55321939025854,0.8550258
0279_0.8_0.12.jpg,0279.png,0.8,18.118453843431666,0.9233825
0280_0.9_0.16.jpg,0280.png,0.9,21.91183032319636,0.94776887
0281_0.9_0.12.jpg,0281.png,0.9,20.0394407090968,0.9373603
0282_0.85_0.16.jpg,0282.png,0.85,17.66948350266678,0.928958
0283_0.85_0.12.jpg,0283.png,0.85,19.85923962998972,0.9227073
0284_0.8_0.16.jpg,0284.png,0.8,20.204271393801847,0.93694854
0285_0.85_0.2.jpg,0285.png,0.85,22.19950250995805,0.92949814
0286_0.8_0.08.jpg,0286.png,0.8,15.849105795114632,0.86353254
0287_0.8_0.2.jpg,0287.png,0.8,17.93770316044913,0.8688379
0287_0.95_0.08.jpg,0287.png,0.95,19.950884632940788,0.87700576
0288_0.95_0.2.jpg,0288.png,0.95,17.954523395238876,0.84161496
0290_0.85_0.08.jpg,0290.png,0.85,18.485802939298416,0.8718114
0291_0.95_0.12.jpg,0291.png,0.95,22.34841521159052,0.94700336
0292_1_0.16.jpg,0292.png,1.0,25.261196407569088,0.9483304
0294_1_0.2.jpg,0294.png,1.0,20.440809496829555,0.89229226
0295_0.85_0.08.jpg,0295.png,0.85,18.487124011669152,0.8383899
0296_0.95_0.12.jpg,0296.png,0.95,22.830770223441927,0.93453807
0297_0.95_0.08.jpg,0297.png,0.95,20.088958402178815,0.88809395
0298_1_0.12.jpg,0298.png,1.0,23.708860990633195,0.9512076
0299_0.9_0.08.jpg,0299.png,0.9,18.351621935273883,0.85974807
0300_1_0.2.jpg,0300.png,1.0,24.205291621005372,0.95715475
0302_0.9_0.16.jpg,0302.png,0.9,21.20215053478796,0.893414
0303_0.9_0.12.jpg,0303.png,0.9,19.825629842691562,0.9323344
0304_0.9_0.08.jpg,0304.png,0.9,19.663950543945482,0.9189853
0305_0.9_0.2.jpg,0305.png,0.9,20.566358577568863,0.90140194
0306_0.8_0.16.jpg,0306.png,0.8,18.583230765307007,0.9188075
0307_0.8_0.12.jpg,0307.png,0.8,18.745179633700815,0.9162516
0308_1_0.16.jpg,0308.png,1.0,23.60464565315325,0.9468711
0309_1_0.08.jpg,0309.png,1.0,20.984125005326938,0.92968196
0311_0.8_0.16.jpg,0311.png,0.8,19.88995239741431,0.89684206
0312_0.8_0.12.jpg,0312.png,0.8,17.037633497574895,0.9036867
0313_0.8_0.2.jpg,0313.png,0.8,18.437016547251183,0.9328529
0314_0.9_0.12.jpg,0314.png,0.9,20.972083086814187,0.9164018
0315_0.85_0.16.jpg,0315.png,0.85,18.795301449146763,0.92528033
0316_0.85_0.12.jpg,0316.png,0.85,19.489894624077664,0.9345021
0317_0.85_0.08.jpg,0317.png,0.85,19.339066507090113,0.8642659
0318_0.85_0.2.jpg,0318.png,0.85,19.8162536125303,0.89335877
0319_0.9_0.16.jpg,0319.png,0.9,22.93801302951689,0.9465658
0320_0.9_0.08.jpg,0320.png,0.9,19.24991001941501,0.88181186
0320_1_0.16.jpg,0320.png,1.0,19.74559005945349,0.8430057
0321_1_0.12.jpg,0321.png,1.0,22.442290559555772,0.8034229
0323_0.8_0.16.jpg,0323.png,0.8,20.102919295531816,0.9188094
0324_0.8_0.12.jpg,0324.png,0.8,17.27978944052189,0.9243026
0325_0.9_0.16.jpg,0325.png,0.9,19.998515162883542,0.9494296
0326_0.9_0.12.jpg,0326.png,0.9,21.639157565709077,0.95036894
0327_1_0.08.jpg,0327.png,1.0,22.607411970540646,0.93938714
0329_0.8_0.12.jpg,0329.png,0.8,19.348950106566367,0.90560406
0330_0.8_0.08.jpg,0330.png,0.8,17.350450068447397,0.88538814
0330_0.95_0.12.jpg,0330.png,0.95,22.719338452686273,0.9426071
0331_0.95_0.12.jpg,0331.png,0.95,23.285837570483785,0.9386749
0332_0.95_0.08.jpg,0332.png,0.95,22.723681299800973,0.930301
0333_0.95_0.2.jpg,0333.png,0.95,16.801988276850185,0.84311897
0334_1_0.08.jpg,0334.png,1.0,22.29160871717942,0.93123156
0335_1_0.2.jpg,0335.png,1.0,21.04877494845948,0.9426463
0337_0.8_0.08.jpg,0337.png,0.8,15.844384485245659,0.88810545
0338_0.9_0.12.jpg,0338.png,0.9,19.975067267261622,0.9506466
0340_0.85_0.08.jpg,0340.png,0.85,17.58353079161609,0.87576514
0341_0.85_0.2.jpg,0341.png,0.85,19.19174109083784,0.88568497
0342_0.95_0.08.jpg,0342.png,0.95,21.494378116634586,0.918075
0343_0.95_0.2.jpg,0343.png,0.95,20.502235280994835,0.8967262
0344_0.85_0.16.jpg,0344.png,0.85,17.922446441651783,0.929244
0345_0.85_0.12.jpg,0345.png,0.85,19.134037894531446,0.8658607
0346_0.95_0.16.jpg,0346.png,0.95,17.93843331089912,0.8150964
0348_0.8_0.2.jpg,0348.png,0.8,17.872459209622825,0.86641747
0349_0.9_0.08.jpg,0349.png,0.9,15.034004985061838,0.7346569
0350_0.85_0.12.jpg,0350.png,0.85,19.75609002719057,0.89295644
0351_0.95_0.16.jpg,0351.png,0.95,19.21333808676222,0.91459894
0353_0.9_0.12.jpg,0353.png,0.9,19.599916840786516,0.9301861
0354_0.9_0.08.jpg,0354.png,0.9,16.017522840879174,0.7037584
0355_0.85_0.12.jpg,0355.png,0.85,15.641546184181712,0.8317142
0356_0.85_0.08.jpg,0356.png,0.85,16.136432462893453,0.77688223
0357_0.95_0.12.jpg,0357.png,0.95,18.96435506752308,0.80888957
0359_0.85_0.16.jpg,0359.png,0.85,16.936453227486943,0.74805206
0361_0.85_0.2.jpg,0361.png,0.85,21.438075689283718,0.9207072
0362_0.95_0.08.jpg,0362.png,0.95,18.78959662630701,0.91556215
0364_0.85_0.12.jpg,0364.png,0.85,16.84847743377993,0.891562
0366_0.9_0.16.jpg,0366.png,0.9,22.267066826349307,0.95131254
0369_0.85_0.2.jpg,0369.png,0.85,18.06620467082813,0.88383275
0371_0.9_0.08.jpg,0371.png,0.9,16.3248673968573,0.7015237
0372_0.85_0.12.jpg,0372.png,0.85,19.35148551253334,0.8499448
0375_0.85_0.16.jpg,0375.png,0.85,19.221925443401485,0.9021533
0380_0.85_0.2.jpg,0380.png,0.85,17.195074148314227,0.7916672
0382_0.9_0.08.jpg,0382.png,0.9,19.600002119577102,0.8348968
0383_0.9_0.2.jpg,0383.png,0.9,20.31821165159801,0.89651936
0385_0.8_0.08.jpg,0385.png,0.8,15.413902099514107,0.6828642
0386_1_0.12.jpg,0386.png,1.0,18.493618483305198,0.78454775
0388_0.95_0.16.jpg,0388.png,0.95,22.537161187396958,0.8708455
0390_0.9_0.12.jpg,0390.png,0.9,19.47925889280395,0.91718215
0391_1_0.08.jpg,0391.png,1.0,19.621197009239477,0.8548739
0392_1_0.2.jpg,0392.png,1.0,22.921649117446393,0.93474597
0393_1_0.2.jpg,0393.png,1.0,26.62566262521148,0.97462445
0395_0.95_0.08.jpg,0395.png,0.95,22.642912307030436,0.9469916
0397_0.85_0.12.jpg,0397.png,0.85,18.732475778177783,0.9341031
0399_0.8_0.08.jpg,0399.png,0.8,17.96323639099199,0.8355227
0400_0.9_0.12.jpg,0400.png,0.9,22.945544873358248,0.9460524
0402_0.8_0.16.jpg,0402.png,0.8,19.77619408330923,0.9016488
0404_0.8_0.2.jpg,0404.png,0.8,18.80837960928716,0.9303306
0405_1_0.08.jpg,0405.png,1.0,20.34045331375609,0.92064863
0406_1_0.2.jpg,0406.png,1.0,23.017575276195004,0.95517707
0407_0.95_0.16.jpg,0407.png,0.95,24.10594620042183,0.9516942
0409_1_0.12.jpg,0409.png,1.0,21.010614566407092,0.9255573
0411_0.95_0.16.jpg,0411.png,0.95,21.16443234087816,0.93375945
0413_0.95_0.2.jpg,0413.png,0.95,21.682704058728586,0.92250395
1001_0.8_0.16.jpg,1001.png,0.8,20.138690721049418,0.9273319
1002_1_0.16.jpg,1002.png,1.0,21.743863317899255,0.92582417
1005_0.8_0.12.jpg,1005.png,0.8,18.733198225539905,0.9294095
1006_1_0.16.jpg,1006.png,1.0,26.70504470436446,0.968303
1007_0.95_0.08.jpg,1007.png,0.95,21.00096141472612,0.8957975
1008_0.9_0.12.jpg,1008.png,0.9,22.120322423680516,0.91594315
1009_0.85_0.12.jpg,1009.png,0.85,21.510779154536692,0.93729734
1010_0.85_0.08.jpg,1010.png,0.85,15.817065213414722,0.8629158
1011_0.95_0.12.jpg,1011.png,0.95,23.146862245230587,0.9059989
1012_0.95_0.08.jpg,1012.png,0.95,21.839222464389714,0.92133397
1015_0.8_0.12.jpg,1015.png,0.8,18.815325382608666,0.89887494
1016_0.9_0.16.jpg,1016.png,0.9,22.73584031860928,0.94149786
1018_0.85_0.12.jpg,1018.png,0.85,18.596689847694496,0.9335909
1020_0.95_0.08.jpg,1020.png,0.95,17.511629738550166,0.91743666
1022_0.85_0.12.jpg,1022.png,0.85,19.24796206733586,0.93554705
1027_0.8_0.08.jpg,1027.png,0.8,19.729798367081955,0.8896577
1030_0.95_0.12.jpg,1030.png,0.95,22.430359883041806,0.9314744
1034_0.9_0.16.jpg,1034.png,0.9,21.827234087406588,0.9420364
1037_0.8_0.12.jpg,1037.png,0.8,16.688888955944403,0.9064347
1038_1_0.16.jpg,1038.png,1.0,24.93715515359533,0.9662116
1040_1_0.2.jpg,1040.png,1.0,23.60612500509616,0.941876
1042_0.95_0.08.jpg,1042.png,0.95,19.39169265843446,0.87826234
1044_0.85_0.12.jpg,1044.png,0.85,21.185111551224463,0.9353113
1046_0.9_0.16.jpg,1046.png,0.9,20.208678201634427,0.8633268
1048_0.9_0.2.jpg,1048.png,0.9,18.773750700114316,0.84832245
1050_0.8_0.08.jpg,1050.png,0.8,18.815165387738247,0.8183186
1051_1_0.12.jpg,1051.png,1.0,21.26112449135542,0.92519933
1053_0.95_0.16.jpg,1053.png,0.95,18.437575914618666,0.92303973
1055_0.95_0.2.jpg,1055.png,0.95,24.757448674162976,0.9563152
1057_0.95_0.16.jpg,1057.png,0.95,24.19091128654355,0.948366
1059_0.95_0.2.jpg,1059.png,0.95,20.281340537685896,0.9031721
1060_0.85_0.16.jpg,1060.png,0.85,20.751491297513148,0.93678063
1063_0.9_0.12.jpg,1063.png,0.9,21.851671061444875,0.9367349
1709_0.95_0.08.jpg,1709.png,0.95,14.898789068688833,0.78731483
1712_0.8_0.08.jpg,1712.png,0.8,13.247518558883515,0.70190716
1713_1_0.08.jpg,1713.png,1.0,16.74519065322783,0.84718466
1714_1_0.2.jpg,1714.png,1.0,17.31068981775906,0.7832671
1716_0.95_0.12.jpg,1716.png,0.95,20.123644055510383,0.8291426
1718_0.9_0.2.jpg,1718.png,0.9,16.710611094986774,0.88326496
1722_0.95_0.16.jpg,1722.png,0.95,25.116978439392255,0.91848713
1724_0.95_0.2.jpg,1724.png,0.95,21.54830809341086,0.91670257
1726_0.85_0.12.jpg,1726.png,0.85,14.228235430309423,0.72245544
1728_0.9_0.12.jpg,1728.png,0.9,19.762123149303406,0.9129512
1730_0.85_0.08.jpg,1730.png,0.85,18.899584987215494,0.8935158
1731_0.85_0.2.jpg,1731.png,0.85,20.441894796911736,0.89119357
1732_0.95_0.2.jpg,1732.png,0.95,17.59103734737126,0.84613067
1734_1_0.08.jpg,1734.png,1.0,16.39681958040804,0.82620865
1736_0.8_0.08.jpg,1736.png,0.8,16.82030142214322,0.8369048
1738_1_0.2.jpg,1738.png,1.0,20.784009195962714,0.91570455
1741_0.85_0.16.jpg,1741.png,0.85,19.775785297812376,0.8903375
1742_0.85_0.12.jpg,1742.png,0.85,18.582977059210304,0.90852493
1743_0.85_0.08.jpg,1743.png,0.85,18.44078259815083,0.86505157
1744_0.85_0.08.jpg,1744.png,0.85,18.53470825755512,0.8142252
1747_0.8_0.16.jpg,1747.png,0.8,17.534824818428177,0.8962659
1749_0.8_0.2.jpg,1749.png,0.8,19.9799249061967,0.84345514
1753_0.9_0.08.jpg,1753.png,0.9,21.150057579896234,0.9284145
1756_0.9_0.12.jpg,1756.png,0.9,21.62873581504385,0.92933005
1757_0.85_0.16.jpg,1757.png,0.85,19.849334783982236,0.9380217
1759_0.8_0.12.jpg,1759.png,0.8,19.420062031205926,0.852194
1760_1_0.16.jpg,1760.png,1.0,25.071670534638827,0.94336313
1765_0.85_0.12.jpg,1765.png,0.85,15.02201126920684,0.7561379
1771_1_0.08.jpg,1771.png,1.0,20.433019004754,0.9260311
1774_0.95_0.2.jpg,1774.png,0.95,22.503932639599313,0.92568356
1778_0.9_0.08.jpg,1778.png,0.9,19.144921650618006,0.92187524
1781_0.8_0.2.jpg,1781.png,0.8,18.75254808787201,0.925741
1784_0.8_0.08.jpg,1784.png,0.8,16.90352437732946,0.88893986
1790_1_0.16.jpg,1790.png,1.0,20.514425513244937,0.8060835
1800_1_0.16.jpg,1800.png,1.0,23.997285531353615,0.948705
1805_0.85_0.12.jpg,1805.png,0.85,14.687635535002652,0.7163511
1812_1_0.16.jpg,1812.png,1.0,16.698504241463205,0.8034637
1815_1_0.2.jpg,1815.png,1.0,20.61475142911311,0.87103033
1818_0.85_0.12.jpg,1818.png,0.85,17.44931608593485,0.86066
1821_0.8_0.08.jpg,1821.png,0.8,16.240703588897215,0.86843306
1822_1_0.08.jpg,1822.png,1.0,22.062060247332205,0.93215245
1824_0.95_0.08.jpg,1824.png,0.95,19.83075434260044,0.85468537
1826_0.9_0.08.jpg,1826.png,0.9,16.395602381651393,0.81402045
1828_0.85_0.08.jpg,1828.png,0.85,16.191482966160354,0.894675
1831_0.8_0.16.jpg,1831.png,0.8,18.27510878440405,0.9188408
1832_0.95_0.08.jpg,1832.png,0.95,21.49474176881798,0.8961125
1834_1_0.08.jpg,1834.png,1.0,19.75140442702837,0.92806774
1837_0.9_0.08.jpg,1837.png,0.9,20.728461480640213,0.9117511
1839_0.8_0.12.jpg,1839.png,0.8,16.276208603589627,0.79655933
1840_0.85_0.08.jpg,1840.png,0.85,16.058344318569446,0.8605698
1843_0.8_0.12.jpg,1843.png,0.8,19.368316783702163,0.86791354
1845_0.9_0.08.jpg,1845.png,0.9,17.757377270567286,0.88609153
1846_0.9_0.08.jpg,1846.png,0.9,20.100744664852307,0.8701413
1848_0.8_0.12.jpg,1848.png,0.8,18.66073549657751,0.90133363
1849_1_0.12.jpg,1849.png,1.0,24.52474531414647,0.9451847
1851_0.85_0.08.jpg,1851.png,0.85,18.879758206696906,0.83957654
1852_0.85_0.08.jpg,1852.png,0.85,18.089817880075834,0.8346944
1853_0.85_0.08.jpg,1853.png,0.85,14.912200297324,0.86025685
1855_0.9_0.08.jpg,1855.png,0.9,18.926632894852577,0.9076221
1857_0.8_0.12.jpg,1857.png,0.8,19.19113270071851,0.8752269
1858_0.95_0.08.jpg,1858.png,0.95,20.607430853447358,0.89996433
1859_0.85_0.16.jpg,1859.png,0.85,18.029796695798026,0.94536597
1861_0.85_0.2.jpg,1861.png,0.85,20.11996363590651,0.88672036
1862_0.8_0.12.jpg,1862.png,0.8,18.246895179333514,0.8632858
1863_1_0.08.jpg,1863.png,1.0,19.543413304025677,0.88325673
1865_0.85_0.08.jpg,1865.png,0.85,17.534993111716236,0.89850706
1867_0.8_0.2.jpg,1867.png,0.8,17.15839753163197,0.87651426
1868_1_0.08.jpg,1868.png,1.0,23.13408455984231,0.9296524
1869_1_0.2.jpg,1869.png,1.0,19.097025699237346,0.9430895
1871_0.95_0.08.jpg,1871.png,0.95,19.202616285520755,0.88413787
1872_0.95_0.08.jpg,1872.png,0.95,19.119798699541647,0.89927846
1873_0.85_0.16.jpg,1873.png,0.85,19.37885258468404,0.9293105
1874_0.85_0.12.jpg,1874.png,0.85,20.316900260157908,0.90878516
1875_0.85_0.08.jpg,1875.png,0.85,17.08601101968862,0.79467106
1876_1_0.16.jpg,1876.png,1.0,26.633917596601844,0.9538637
1877_0.9_0.12.jpg,1877.png,0.9,21.927586658787806,0.89337444
1878_0.9_0.12.jpg,1878.png,0.9,20.2067069932516,0.92825335
1879_0.9_0.08.jpg,1879.png,0.9,18.599177168146962,0.88267595
1880_0.9_0.08.jpg,1880.png,0.9,20.155161226058556,0.93211555
1881_0.8_0.16.jpg,1881.png,0.8,18.847982914298697,0.9156398
1882_0.85_0.2.jpg,1882.png,0.85,20.065198330648464,0.9351008
1883_0.8_0.12.jpg,1883.png,0.8,17.232219816472526,0.90198594
1887_0.95_0.08.jpg,1887.png,0.95,22.543013397001165,0.9046069
1889_0.85_0.08.jpg,1889.png,0.85,18.25990677240541,0.85164386
1891_0.9_0.16.jpg,1891.png,0.9,22.385362764397424,0.93405604
1893_0.9_0.2.jpg,1893.png,0.9,20.16784086905691,0.8017149
1896_0.9_0.08.jpg,1896.png,0.9,19.707295066465008,0.87147146
1898_0.85_0.08.jpg,1898.png,0.85,18.878083283460462,0.886504
1899_0.8_0.08.jpg,1899.png,0.8,17.968335127402117,0.8655978
1900_0.8_0.08.jpg,1900.png,0.8,19.888605755709076,0.8634394
1903_0.95_0.08.jpg,1903.png,0.95,19.330350007904112,0.8805447
1909_0.85_0.2.jpg,1909.png,0.85,19.0676845930535,0.8814501
1913_0.95_0.08.jpg,1913.png,0.95,18.81895394078864,0.87619334
1915_1_0.08.jpg,1915.png,1.0,15.079251372106203,0.6702909
1917_0.95_0.2.jpg,1917.png,0.95,21.714754278339132,0.86375505
1919_1_0.08.jpg,1919.png,1.0,19.35293825783122,0.89404225
1920_0.95_0.16.jpg,1920.png,0.95,23.197822300697673,0.9681261
1921_0.95_0.08.jpg,1921.png,0.95,14.889997402392034,0.710345
1923_0.9_0.08.jpg,1923.png,0.9,15.940116777566784,0.8603056
1924_0.85_0.12.jpg,1924.png,0.85,20.806469758073955,0.9352347
1926_0.9_0.16.jpg,1926.png,0.9,22.50300712222526,0.9632694
1927_0.9_0.08.jpg,1927.png,0.9,19.64845568039211,0.89039
1928_0.9_0.08.jpg,1928.png,0.9,17.123544017703292,0.85798985
1930_0.8_0.08.jpg,1930.png,0.8,14.62953107017234,0.8774412
1931_0.8_0.08.jpg,1931.png,0.8,14.807002684390962,0.8232972
1932_0.8_0.2.jpg,1932.png,0.8,18.024348586508278,0.91746825
1933_0.8_0.2.jpg,1933.png,0.8,18.16040384844209,0.92218304
1934_1_0.08.jpg,1934.png,1.0,20.177439538405494,0.87788874
1936_0.95_0.08.jpg,1936.png,0.95,19.23111016787069,0.90060955
1938_0.85_0.12.jpg,1938.png,0.85,18.349755418031542,0.93610597
1940_0.9_0.16.jpg,1940.png,0.9,21.586947352024243,0.9593036
1942_0.85_0.08.jpg,1942.png,0.85,17.265066104885026,0.86239463
1944_0.9_0.16.jpg,1944.png,0.9,20.908103341228607,0.9346406
1945_0.9_0.12.jpg,1945.png,0.9,19.644381261720216,0.9434493
1947_0.8_0.16.jpg,1947.png,0.8,17.731253669728467,0.9260928
1949_0.8_0.2.jpg,1949.png,0.8,17.955343043314812,0.9390612
1950_1_0.08.jpg,1950.png,1.0,21.31963784930683,0.90862364
1953_0.8_0.2.jpg,1953.png,0.8,19.05936839270025,0.93619174
1954_1_0.08.jpg,1954.png,1.0,20.698408230445366,0.91892576
1956_0.8_0.12.jpg,1956.png,0.8,18.159677615808118,0.91193825
1958_0.9_0.08.jpg,1958.png,0.9,16.251311256024202,0.87601805
1960_0.85_0.2.jpg,1960.png,0.85,22.263873777385776,0.92733854
1962_0.9_0.08.jpg,1962.png,0.9,20.553084500822397,0.9091959
1964_0.85_0.2.jpg,1964.png,0.85,22.825889093974556,0.9501117
1966_0.9_0.08.jpg,1966.png,0.9,18.165885602946897,0.8508291
1968_0.8_0.12.jpg,1968.png,0.8,18.039710966135758,0.90083474
1970_0.9_0.08.jpg,1970.png,0.9,19.6279385270423,0.91188306
1971_1_0.08.jpg,1971.png,1.0,19.826069760379387,0.9205157
1973_0.95_0.08.jpg,1973.png,0.95,18.687956306524768,0.89900947
1975_0.85_0.12.jpg,1975.png,0.85,19.837118355851192,0.90133494
1977_0.8_0.08.jpg,1977.png,0.8,17.288975386669254,0.8986652
1981_0.8_0.2.jpg,1981.png,0.8,17.00041791918718,0.91597104
1982_1_0.08.jpg,1982.png,1.0,21.57796264296927,0.9424944
1984_0.85_0.08.jpg,1984.png,0.85,18.343521158394328,0.90210724
1986_0.9_0.08.jpg,1986.png,0.9,20.51372675395299,0.9131157
1988_0.8_0.12.jpg,1988.png,0.8,18.806550723710522,0.901244
